mobility_id,user_id,balance_single_score,gait_speed_4m,grip_strength_abnormal,timestamp
1,1,>5 sec,8.8,No,2024-03-20 08:00:00
2,2,>5 sec,6.2,No,2024-03-20 08:00:00
3,3,>5 sec,7.2,No,2024-03-20 08:00:00
4,4,>5 sec,6.45,No,2024-03-20 08:00:00
5,5,>5 sec,4.7,No,2024-03-20 08:00:00
6,6,>5 sec,5.2,No,2024-03-20 08:00:00
7,7,>5 sec,5.1,Yes,2024-03-20 08:00:00
8,8,>5 sec,5.2,No,2024-03-20 08:00:00
9,9,>5 sec,4,No,2024-03-20 08:00:00
10,10,>5 sec,4.07,No,2024-03-20 08:00:00
11,11,>5 sec,5.1,No,2024-03-20 08:00:00
12,12,>5 sec,4.9,No,2024-03-20 08:00:00
13,13,test non realizable,8.1,Yes,2024-03-20 08:00:00
14,14,test non realizable,8.41,No,2024-03-20 08:00:00
15,15,test non realizable,8.6,Yes,2024-03-20 08:00:00
16,16,test non realizable,9.2,Yes,2024-03-20 08:00:00
17,17,>5 sec,7.1,Yes,2024-03-20 08:00:00
18,18,>5 sec,6.02,Yes,2024-03-20 08:00:00
19,19,>5 sec,6.3,Yes,2024-03-20 08:00:00
20,20,>5 sec,6.3,Yes,2024-03-20 08:00:00
21,21,test non realizable,11.9,No,2024-03-20 08:00:00
22,22,<5 sec,8.41,Yes,2024-03-20 08:00:00
23,23,<5 sec,10.1,Yes,2024-03-20 08:00:00
24,24,<5 sec,9.6,Yes,2024-03-20 08:00:00
25,25,>5 sec,4.3,No,2024-03-20 08:00:00
26,26,>5 sec,4.46,No,2024-03-20 08:00:00
27,27,>5 sec,4.42,No,2024-03-20 08:00:00
28,28,>5 sec,4.48,No,2024-03-20 08:00:00
29,29,>5 sec,4.6,No,2024-03-20 08:00:00
30,30,>5 sec,4.62,No,2024-03-20 08:00:00
31,31,>5 sec,4.7,No,2024-03-20 08:00:00
32,32,>5 sec,4.6,No,2024-03-20 08:00:00
33,33,<5 sec,5.8,No,2024-03-20 08:00:00
34,34,>5 sec,5.17,No,2024-03-20 08:00:00
35,35,>5 sec,5.4,No,2024-03-20 08:00:00
36,36,>5 sec,5.21,No,2024-03-20 08:00:00
37,37,>5 sec,6.2,No,2024-03-20 08:00:00
38,38,>5 sec,6.2,No,2024-03-20 08:00:00
39,39,>5 sec,6.14,No,2024-03-20 08:00:00
40,40,>5 sec,6.15,No,2024-03-20 08:00:00
41,41,>5 sec,6.5,No,2024-03-20 08:00:00
42,42,>5 sec,6.1,No,2024-03-20 08:00:00
43,43,>5 sec,6.2,No,2024-03-20 08:00:00
44,44,>5 sec,6.34,No,2024-03-20 08:00:00
45,45,>5 sec,5.4,No,2024-03-20 08:00:00
46,46,>5 sec,5.1,No,2024-03-20 08:00:00
47,47,>5 sec,5.1,No,2024-03-20 08:00:00
48,48,>5 sec,5.1,No,2024-03-20 08:00:00
49,49,>5 sec,7.74,No,2024-03-20 08:00:00
50,50,>5 sec,7.3,No,2024-03-20 08:00:00
51,51,>5 sec,6.49,Yes,2024-03-20 08:00:00
52,52,<5 sec,7.36,Yes,2024-03-20 08:00:00
53,53,<5 sec,8.2,Yes,2024-03-20 08:00:00
54,54,<5 sec,7.3,Yes,2024-03-20 08:00:00
55,55,<5 sec,7.16,Yes,2024-03-20 08:00:00
56,56,<5 sec,7.42,Yes,2024-03-20 08:00:00
57,57,test non realizable,22.8,Yes,2024-03-20 08:00:00
58,58,test non realizable,13.8,Yes,2024-03-20 08:00:00
59,59,test non realizable,20.4,Yes,2024-03-20 08:00:00
60,60,test non realizable,15.6,No,2024-03-20 08:00:00
61,61,test non realizable,7,Yes,2024-03-20 08:00:00
62,62,<5 sec,5,Yes,2024-03-20 08:00:00
63,63,<5 sec,4,No,2024-03-20 08:00:00
64,64,>5 sec,4.46,No,2024-03-20 08:00:00
65,65,>5 sec,5,Yes,2024-03-20 08:00:00
66,66,<5 sec,4.3,Yes,2024-03-20 08:00:00
67,67,>5 sec,3.91,Yes,2024-03-20 08:00:00
68,68,>5 sec,7.3,Yes,2024-03-20 08:00:00
69,69,>5 sec,5,Yes,2024-03-20 08:00:00
70,70,<5 sec,4.3,Yes,2024-03-20 08:00:00
71,71,<5 sec,5.7,Yes,2024-03-20 08:00:00
72,72,>5 sec,4.79,Yes,2024-03-20 08:00:00
73,73,>5 sec,7,Yes,2024-03-20 08:00:00
74,74,<5 sec,6,Yes,2024-03-20 08:00:00
75,75,<5 sec,3,No,2024-03-20 08:00:00
76,76,<5 sec,3.2,No,2024-03-20 08:00:00
77,77,>5 sec,8,No,2024-03-20 08:00:00
78,78,<5 sec,4.3,No,2024-03-20 08:00:00
79,79,<5 sec,4.1,Yes,2024-03-20 08:00:00
80,80,>5 sec,5,Yes,2024-03-20 08:00:00
81,81,>5 sec,10,No,2024-03-20 08:00:00
82,82,<5 sec,3.25,No,2024-03-20 08:00:00
83,83,>5 sec,4.1,No,2024-03-20 08:00:00
84,84,>5 sec,4.57,Yes,2024-03-20 08:00:00
85,85,test non realizable,13,Yes,2024-03-20 08:00:00
86,86,<5 sec,8.2,Yes,2024-03-20 08:00:00
87,87,<5 sec,5.9,Yes,2024-03-20 08:00:00
88,88,>5 sec,5.52,Yes,2024-03-20 08:00:00
89,89,>5 sec,6,No,2024-03-20 08:00:00
90,90,<5 sec,5.3,No,2024-03-20 08:00:00
91,91,>5 sec,7,Yes,2024-03-20 08:00:00
92,92,>5 sec,6,Yes,2024-03-20 08:00:00
93,93,<5 sec,4.1,Yes,2024-03-20 08:00:00
94,94,<5 sec,3.1,No,2024-03-20 08:00:00
95,95,>5 sec,3.24,No,2024-03-20 08:00:00
96,96,>5 sec,10,Yes,2024-03-20 08:00:00
97,97,>5 sec,9,Yes,2024-03-20 08:00:00
98,98,>5 sec,5.54,Yes,2024-03-20 08:00:00
99,99,>5 sec,4.75,Yes,2024-03-20 08:00:00
100,100,>5 sec,4.09,Yes,2024-03-20 08:00:00
101,101,<5 sec,4,Yes,2024-03-20 08:00:00
102,102,<5 sec,2.54,No,2024-03-20 08:00:00
103,103,<5 sec,6,No,2024-03-20 08:00:00
104,104,<5 sec,5,No,2024-03-20 08:00:00
105,105,<5 sec,3.35,No,2024-03-20 08:00:00
106,106,<5 sec,3.9,No,2024-03-20 08:00:00
107,107,<5 sec,5,Yes,2024-03-20 08:00:00
108,108,<5 sec,5.6,Yes,2024-03-20 08:00:00
109,109,>5 sec,6.5,Yes,2024-03-20 08:00:00
110,110,<5 sec,3,Yes,2024-03-20 08:00:00
111,111,<5 sec,4,Yes,2024-03-20 08:00:00
112,112,<5 sec,4,Yes,2024-03-20 08:00:00
113,113,<5 sec,3.8,Yes,2024-03-20 08:00:00
114,114,>5 sec,18,Yes,2024-03-20 08:00:00
115,115,<5 sec,15,Yes,2024-03-20 08:00:00
116,116,<5 sec,18,Yes,2024-03-20 08:00:00
117,117,<5 sec,16,Yes,2024-03-20 08:00:00
118,118,>5 sec,5.2,No,2024-03-20 08:00:00
119,119,>5 sec,4,No,2024-03-20 08:00:00
120,120,>5 sec,4.07,No,2024-03-20 08:00:00
121,121,>5 sec,5.1,No,2024-03-20 08:00:00
122,122,>5 sec,4.9,No,2024-03-20 08:00:00
123,123,test non realizable,8.1,Yes,2024-03-20 08:00:00
124,124,test non realizable,8.41,No,2024-03-20 08:00:00
125,125,test non realizable,8.6,Yes,2024-03-20 08:00:00
126,126,test non realizable,9.2,Yes,2024-03-20 08:00:00
127,127,>5 sec,7.1,Yes,2024-03-20 08:00:00
128,128,>5 sec,6.02,Yes,2024-03-20 08:00:00
129,129,>5 sec,6.3,Yes,2024-03-20 08:00:00
130,130,>5 sec,6.3,Yes,2024-03-20 08:00:00
131,131,test non realizable,11.9,No,2024-03-20 08:00:00
132,132,<5 sec,8.41,Yes,2024-03-20 08:00:00
133,133,<5 sec,10.1,Yes,2024-03-20 08:00:00
134,134,<5 sec,9.6,Yes,2024-03-20 08:00:00
135,135,>5 sec,4.3,No,2024-03-20 08:00:00
136,136,>5 sec,4.46,No,2024-03-20 08:00:00
137,137,>5 sec,4.42,No,2024-03-20 08:00:00
138,138,>5 sec,4.48,No,2024-03-20 08:00:00
139,139,>5 sec,4.6,No,2024-03-20 08:00:00
140,140,>5 sec,4.62,No,2024-03-20 08:00:00
141,141,>5 sec,4.7,No,2024-03-20 08:00:00
142,142,>5 sec,4.6,No,2024-03-20 08:00:00
143,143,<5 sec,5.8,No,2024-03-20 08:00:00
144,144,>5 sec,5.17,No,2024-03-20 08:00:00
145,145,>5 sec,5.4,No,2024-03-20 08:00:00
146,146,>5 sec,5.21,No,2024-03-20 08:00:00
147,147,>5 sec,6.2,No,2024-03-20 08:00:00
148,148,>5 sec,6.2,No,2024-03-20 08:00:00
149,149,>5 sec,6.14,No,2024-03-20 08:00:00
150,150,>5 sec,6.15,No,2024-03-20 08:00:00
151,151,>5 sec,6.5,No,2024-03-20 08:00:00
152,152,>5 sec,6.1,No,2024-03-20 08:00:00
153,153,>5 sec,6.2,No,2024-03-20 08:00:00
154,154,>5 sec,6.34,No,2024-03-20 08:00:00
155,155,>5 sec,5.4,No,2024-03-20 08:00:00
156,156,>5 sec,5.1,No,2024-03-20 08:00:00
157,157,>5 sec,5.1,No,2024-03-20 08:00:00
158,158,>5 sec,5.1,No,2024-03-20 08:00:00
159,159,>5 sec,7.74,No,2024-03-20 08:00:00
160,160,>5 sec,7.3,No,2024-03-20 08:00:00
161,161,>5 sec,6.49,Yes,2024-03-20 08:00:00
162,162,<5 sec,7.36,Yes,2024-03-20 08:00:00
163,163,<5 sec,8.2,Yes,2024-03-20 08:00:00
164,164,<5 sec,7.3,Yes,2024-03-20 08:00:00
165,165,<5 sec,7.16,Yes,2024-03-20 08:00:00
166,166,<5 sec,7.42,Yes,2024-03-20 08:00:00
167,167,test non realizable,22.8,Yes,2024-03-20 08:00:00
168,168,test non realizable,13.8,Yes,2024-03-20 08:00:00
169,169,test non realizable,20.4,Yes,2024-03-20 08:00:00
170,170,test non realizable,15.6,No,2024-03-20 08:00:00
171,171,test non realizable,7,Yes,2024-03-20 08:00:00
172,172,<5 sec,5,Yes,2024-03-20 08:00:00
173,173,<5 sec,4,No,2024-03-20 08:00:00
174,174,>5 sec,4.46,No,2024-03-20 08:00:00
175,175,>5 sec,5,Yes,2024-03-20 08:00:00
176,176,<5 sec,4.3,Yes,2024-03-20 08:00:00
177,177,>5 sec,3.91,Yes,2024-03-20 08:00:00
178,178,>5 sec,7.3,Yes,2024-03-20 08:00:00
179,179,>5 sec,5,Yes,2024-03-20 08:00:00
180,180,<5 sec,4.3,Yes,2024-03-20 08:00:00
181,181,<5 sec,5.7,Yes,2024-03-20 08:00:00
182,182,>5 sec,4.79,Yes,2024-03-20 08:00:00
183,183,>5 sec,7,Yes,2024-03-20 08:00:00
184,184,<5 sec,6,Yes,2024-03-20 08:00:00
185,185,<5 sec,3,No,2024-03-20 08:00:00
186,186,<5 sec,3.2,No,2024-03-20 08:00:00
187,187,>5 sec,8,No,2024-03-20 08:00:00
188,188,<5 sec,4.3,No,2024-03-20 08:00:00
189,189,<5 sec,4.1,Yes,2024-03-20 08:00:00
190,190,>5 sec,5,Yes,2024-03-20 08:00:00
191,191,>5 sec,10,No,2024-03-20 08:00:00
192,192,<5 sec,3.25,No,2024-03-20 08:00:00
193,193,>5 sec,4.1,No,2024-03-20 08:00:00
194,194,>5 sec,4.57,Yes,2024-03-20 08:00:00
195,195,test non realizable,13,Yes,2024-03-20 08:00:00
196,196,<5 sec,8.2,Yes,2024-03-20 08:00:00
197,197,<5 sec,5.9,Yes,2024-03-20 08:00:00
198,198,>5 sec,5.52,Yes,2024-03-20 08:00:00
199,199,>5 sec,6,No,2024-03-20 08:00:00
200,200,<5 sec,5.3,No,2024-03-20 08:00:00
201,201,>5 sec,7,Yes,2024-03-20 08:00:00
202,202,>5 sec,6,Yes,2024-03-20 08:00:00
203,203,<5 sec,4.1,Yes,2024-03-20 08:00:00
204,204,<5 sec,3.1,No,2024-03-20 08:00:00
205,205,>5 sec,3.24,No,2024-03-20 08:00:00
206,206,>5 sec,10,Yes,2024-03-20 08:00:00
207,207,>5 sec,9,Yes,2024-03-20 08:00:00
208,208,>5 sec,5.54,Yes,2024-03-20 08:00:00
209,209,>5 sec,4.75,Yes,2024-03-20 08:00:00
210,210,>5 sec,4.09,Yes,2024-03-20 08:00:00
211,211,<5 sec,4,Yes,2024-03-20 08:00:00
212,212,<5 sec,2.54,No,2024-03-20 08:00:00
213,213,<5 sec,6,No,2024-03-20 08:00:00
214,214,<5 sec,5,No,2024-03-20 08:00:00
215,215,<5 sec,3.35,No,2024-03-20 08:00:00
216,216,<5 sec,3.9,No,2024-03-20 08:00:00
217,217,<5 sec,5,Yes,2024-03-20 08:00:00
218,218,<5 sec,5.6,Yes,2024-03-20 08:00:00
219,219,>5 sec,6.5,Yes,2024-03-20 08:00:00
220,220,<5 sec,3,Yes,2024-03-20 08:00:00
221,221,<5 sec,4,Yes,2024-03-20 08:00:00
222,222,<5 sec,4,Yes,2024-03-20 08:00:00
223,223,<5 sec,3.8,Yes,2024-03-20 08:00:00
224,224,>5 sec,18,Yes,2024-03-20 08:00:00
225,225,<5 sec,15,Yes,2024-03-20 08:00:00
226,226,<5 sec,18,Yes,2024-03-20 08:00:00
227,227,<5 sec,16,Yes,2024-03-20 08:00:00
228,228,>5 sec,8.8,No,2024-03-20 08:00:00
229,229,>5 sec,6.2,No,2024-03-20 08:00:00
230,230,>5 sec,7.2,No,2024-03-20 08:00:00
231,231,>5 sec,6.45,No,2024-03-20 08:00:00
232,232,>5 sec,4.7,No,2024-03-20 08:00:00
233,233,>5 sec,5.2,No,2024-03-20 08:00:00
234,234,>5 sec,5.1,Yes,2024-03-20 08:00:00
235,235,>5 sec,5.2,No,2024-03-20 08:00:00
236,236,>5 sec,4,No,2024-03-20 08:00:00
237,237,>5 sec,4.07,No,2024-03-20 08:00:00
238,238,>5 sec,5.1,No,2024-03-20 08:00:00
239,239,>5 sec,4.9,No,2024-03-20 08:00:00
240,240,test non realizable,8.1,Yes,2024-03-20 08:00:00
241,241,test non realizable,8.41,No,2024-03-20 08:00:00
242,242,test non realizable,8.6,Yes,2024-03-20 08:00:00
243,243,test non realizable,9.2,Yes,2024-03-20 08:00:00
244,244,>5 sec,7.1,Yes,2024-03-20 08:00:00
245,245,>5 sec,6.02,Yes,2024-03-20 08:00:00
246,246,>5 sec,6.3,Yes,2024-03-20 08:00:00
247,247,>5 sec,6.3,Yes,2024-03-20 08:00:00
248,248,test non realizable,11.9,No,2024-03-20 08:00:00
249,249,<5 sec,8.41,Yes,2024-03-20 08:00:00
250,250,<5 sec,10.1,Yes,2024-03-20 08:00:00
251,251,<5 sec,9.6,Yes,2024-03-20 08:00:00
252,252,>5 sec,4.3,No,2024-03-20 08:00:00
253,253,>5 sec,4.46,No,2024-03-20 08:00:00
254,254,>5 sec,4.42,No,2024-03-20 08:00:00
255,255,>5 sec,4.48,No,2024-03-20 08:00:00
256,256,>5 sec,4.6,No,2024-03-20 08:00:00
257,257,>5 sec,4.62,No,2024-03-20 08:00:00
258,258,>5 sec,4.7,No,2024-03-20 08:00:00
259,259,>5 sec,4.6,No,2024-03-20 08:00:00
260,260,<5 sec,5.8,No,2024-03-20 08:00:00
261,261,>5 sec,5.17,No,2024-03-20 08:00:00
262,262,>5 sec,5.4,No,2024-03-20 08:00:00
263,263,>5 sec,5.21,No,2024-03-20 08:00:00
264,264,>5 sec,6.2,No,2024-03-20 08:00:00
265,265,>5 sec,6.2,No,2024-03-20 08:00:00
266,266,>5 sec,6.14,No,2024-03-20 08:00:00
267,267,>5 sec,6.15,No,2024-03-20 08:00:00
268,268,>5 sec,6.5,No,2024-03-20 08:00:00
269,269,>5 sec,6.1,No,2024-03-20 08:00:00
270,270,>5 sec,6.2,No,2024-03-20 08:00:00
271,271,>5 sec,6.34,No,2024-03-20 08:00:00
272,272,>5 sec,5.4,No,2024-03-20 08:00:00
273,273,>5 sec,5.1,No,2024-03-20 08:00:00
274,274,>5 sec,5.1,No,2024-03-20 08:00:00
275,275,>5 sec,5.1,No,2024-03-20 08:00:00
276,276,>5 sec,7.74,No,2024-03-20 08:00:00
277,277,>5 sec,7.3,No,2024-03-20 08:00:00
278,278,>5 sec,6.49,Yes,2024-03-20 08:00:00
279,279,<5 sec,7.36,Yes,2024-03-20 08:00:00
280,280,<5 sec,8.2,Yes,2024-03-20 08:00:00
281,281,<5 sec,7.3,Yes,2024-03-20 08:00:00
282,282,<5 sec,7.16,Yes,2024-03-20 08:00:00
283,283,<5 sec,7.42,Yes,2024-03-20 08:00:00
284,284,test non realizable,22.8,Yes,2024-03-20 08:00:00
285,285,test non realizable,13.8,Yes,2024-03-20 08:00:00
286,286,test non realizable,20.4,Yes,2024-03-20 08:00:00
287,287,test non realizable,15.6,No,2024-03-20 08:00:00
288,288,test non realizable,7,Yes,2024-03-20 08:00:00
289,289,<5 sec,5,Yes,2024-03-20 08:00:00
290,290,<5 sec,4,No,2024-03-20 08:00:00
291,291,>5 sec,4.46,No,2024-03-20 08:00:00
292,292,>5 sec,5,Yes,2024-03-20 08:00:00
293,293,<5 sec,4.3,Yes,2024-03-20 08:00:00
294,294,>5 sec,3.91,Yes,2024-03-20 08:00:00
295,295,>5 sec,7.3,Yes,2024-03-20 08:00:00
296,296,>5 sec,5,Yes,2024-03-20 08:00:00
297,297,<5 sec,4.3,Yes,2024-03-20 08:00:00
298,298,<5 sec,5.7,Yes,2024-03-20 08:00:00
299,299,>5 sec,4.79,Yes,2024-03-20 08:00:00
300,300,>5 sec,7,Yes,2024-03-20 08:00:00
301,301,<5 sec,6,Yes,2024-03-20 08:00:00
302,302,<5 sec,3,No,2024-03-20 08:00:00
303,303,<5 sec,3.2,No,2024-03-20 08:00:00
304,304,>5 sec,8,No,2024-03-20 08:00:00
305,305,<5 sec,4.3,No,2024-03-20 08:00:00
306,306,<5 sec,4.1,Yes,2024-03-20 08:00:00
307,307,>5 sec,5,Yes,2024-03-20 08:00:00
308,308,>5 sec,10,No,2024-03-20 08:00:00
309,309,<5 sec,3.25,No,2024-03-20 08:00:00
310,310,>5 sec,4.1,No,2024-03-20 08:00:00
311,311,>5 sec,4.57,Yes,2024-03-20 08:00:00
312,312,test non realizable,13,Yes,2024-03-20 08:00:00
313,313,<5 sec,8.2,Yes,2024-03-20 08:00:00
314,314,<5 sec,5.9,Yes,2024-03-20 08:00:00
315,315,>5 sec,5.52,Yes,2024-03-20 08:00:00
316,316,>5 sec,6,No,2024-03-20 08:00:00
317,317,<5 sec,5.3,No,2024-03-20 08:00:00
318,318,>5 sec,7,Yes,2024-03-20 08:00:00
319,319,>5 sec,6,Yes,2024-03-20 08:00:00
320,320,<5 sec,4.1,Yes,2024-03-20 08:00:00
321,321,<5 sec,3.1,No,2024-03-20 08:00:00
322,322,>5 sec,3.24,No,2024-03-20 08:00:00
323,323,>5 sec,10,Yes,2024-03-20 08:00:00
324,324,>5 sec,9,Yes,2024-03-20 08:00:00
325,325,>5 sec,5.54,Yes,2024-03-20 08:00:00
326,326,>5 sec,4.75,Yes,2024-03-20 08:00:00
327,327,>5 sec,4.09,Yes,2024-03-20 08:00:00
328,328,<5 sec,4,Yes,2024-03-20 08:00:00
329,329,<5 sec,2.54,No,2024-03-20 08:00:00
330,330,<5 sec,6,No,2024-03-20 08:00:00
331,331,<5 sec,5,No,2024-03-20 08:00:00
332,332,<5 sec,3.35,No,2024-03-20 08:00:00
333,333,<5 sec,3.9,No,2024-03-20 08:00:00
334,334,<5 sec,5,Yes,2024-03-20 08:00:00
335,335,<5 sec,5.6,Yes,2024-03-20 08:00:00
336,336,>5 sec,6.5,Yes,2024-03-20 08:00:00
337,337,<5 sec,3,Yes,2024-03-20 08:00:00
338,338,<5 sec,4,Yes,2024-03-20 08:00:00
339,339,<5 sec,4,Yes,2024-03-20 08:00:00
340,340,<5 sec,3.8,Yes,2024-03-20 08:00:00
341,341,>5 sec,18,Yes,2024-03-20 08:00:00
342,342,<5 sec,15,Yes,2024-03-20 08:00:00
343,343,<5 sec,18,Yes,2024-03-20 08:00:00
344,344,<5 sec,16,Yes,2024-03-20 08:00:00
345,345,>5 sec,5.2,No,2024-03-20 08:00:00
346,346,>5 sec,4,No,2024-03-20 08:00:00
347,347,>5 sec,4.07,No,2024-03-20 08:00:00
348,348,>5 sec,5.1,No,2024-03-20 08:00:00
349,349,>5 sec,4.9,No,2024-03-20 08:00:00
350,350,test non realizable,8.1,Yes,2024-03-20 08:00:00
351,351,test non realizable,8.41,No,2024-03-20 08:00:00
352,352,test non realizable,8.6,Yes,2024-03-20 08:00:00
353,353,test non realizable,9.2,Yes,2024-03-20 08:00:00
354,354,>5 sec,7.1,Yes,2024-03-20 08:00:00
355,355,>5 sec,6.02,Yes,2024-03-20 08:00:00
356,356,>5 sec,6.3,Yes,2024-03-20 08:00:00
357,357,>5 sec,6.3,Yes,2024-03-20 08:00:00
358,358,test non realizable,11.9,No,2024-03-20 08:00:00
359,359,<5 sec,8.41,Yes,2024-03-20 08:00:00
360,360,<5 sec,10.1,Yes,2024-03-20 08:00:00
361,361,<5 sec,9.6,Yes,2024-03-20 08:00:00
362,362,>5 sec,4.3,No,2024-03-20 08:00:00
363,363,>5 sec,4.46,No,2024-03-20 08:00:00
364,364,>5 sec,4.42,No,2024-03-20 08:00:00
365,365,>5 sec,4.48,No,2024-03-20 08:00:00
366,366,>5 sec,4.6,No,2024-03-20 08:00:00
367,367,>5 sec,4.62,No,2024-03-20 08:00:00
368,368,>5 sec,4.7,No,2024-03-20 08:00:00
369,369,>5 sec,4.6,No,2024-03-20 08:00:00
370,370,<5 sec,5.8,No,2024-03-20 08:00:00
371,371,>5 sec,5.17,No,2024-03-20 08:00:00
372,372,>5 sec,5.4,No,2024-03-20 08:00:00
373,373,>5 sec,5.21,No,2024-03-20 08:00:00
374,374,>5 sec,6.2,No,2024-03-20 08:00:00
375,375,>5 sec,6.2,No,2024-03-20 08:00:00
376,376,>5 sec,6.14,No,2024-03-20 08:00:00
377,377,>5 sec,6.15,No,2024-03-20 08:00:00
378,378,>5 sec,6.5,No,2024-03-20 08:00:00
379,379,>5 sec,6.1,No,2024-03-20 08:00:00
380,380,>5 sec,6.2,No,2024-03-20 08:00:00
381,381,>5 sec,6.34,No,2024-03-20 08:00:00
382,382,>5 sec,5.4,No,2024-03-20 08:00:00
383,383,>5 sec,5.1,No,2024-03-20 08:00:00
384,384,>5 sec,5.1,No,2024-03-20 08:00:00
385,385,>5 sec,5.1,No,2024-03-20 08:00:00
386,386,>5 sec,7.74,No,2024-03-20 08:00:00
387,387,>5 sec,7.3,No,2024-03-20 08:00:00
388,388,>5 sec,6.49,Yes,2024-03-20 08:00:00
389,389,<5 sec,7.36,Yes,2024-03-20 08:00:00
390,390,<5 sec,8.2,Yes,2024-03-20 08:00:00
391,391,<5 sec,7.3,Yes,2024-03-20 08:00:00
392,392,<5 sec,7.16,Yes,2024-03-20 08:00:00
393,393,<5 sec,7.42,Yes,2024-03-20 08:00:00
394,394,test non realizable,22.8,Yes,2024-03-20 08:00:00
395,395,test non realizable,13.8,Yes,2024-03-20 08:00:00
396,396,test non realizable,20.4,Yes,2024-03-20 08:00:00
397,397,test non realizable,15.6,No,2024-03-20 08:00:00
398,398,test non realizable,7,Yes,2024-03-20 08:00:00
399,399,<5 sec,5,Yes,2024-03-20 08:00:00
400,400,<5 sec,4,No,2024-03-20 08:00:00
401,401,>5 sec,4.46,No,2024-03-20 08:00:00
402,402,>5 sec,5,Yes,2024-03-20 08:00:00
403,403,<5 sec,4.3,Yes,2024-03-20 08:00:00
404,404,>5 sec,3.91,Yes,2024-03-20 08:00:00
405,405,>5 sec,7.3,Yes,2024-03-20 08:00:00
406,406,>5 sec,5,Yes,2024-03-20 08:00:00
407,407,<5 sec,4.3,Yes,2024-03-20 08:00:00
408,408,<5 sec,5.7,Yes,2024-03-20 08:00:00
409,409,>5 sec,4.79,Yes,2024-03-20 08:00:00
410,410,>5 sec,7,Yes,2024-03-20 08:00:00
411,411,<5 sec,6,Yes,2024-03-20 08:00:00
412,412,<5 sec,3,No,2024-03-20 08:00:00
413,413,<5 sec,3.2,No,2024-03-20 08:00:00
414,414,>5 sec,8,No,2024-03-20 08:00:00
415,415,<5 sec,4.3,No,2024-03-20 08:00:00
416,416,<5 sec,4.1,Yes,2024-03-20 08:00:00
417,417,>5 sec,5,Yes,2024-03-20 08:00:00
418,418,>5 sec,10,No,2024-03-20 08:00:00
419,419,<5 sec,3.25,No,2024-03-20 08:00:00
420,420,>5 sec,4.1,No,2024-03-20 08:00:00
421,421,>5 sec,4.57,Yes,2024-03-20 08:00:00
422,422,test non realizable,13,Yes,2024-03-20 08:00:00
423,423,<5 sec,8.2,Yes,2024-03-20 08:00:00
424,424,<5 sec,5.9,Yes,2024-03-20 08:00:00
425,425,>5 sec,5.52,Yes,2024-03-20 08:00:00
426,426,>5 sec,6,No,2024-03-20 08:00:00
427,427,<5 sec,5.3,No,2024-03-20 08:00:00
428,428,>5 sec,7,Yes,2024-03-20 08:00:00
429,429,>5 sec,6,Yes,2024-03-20 08:00:00
430,430,<5 sec,4.1,Yes,2024-03-20 08:00:00
431,431,<5 sec,3.1,No,2024-03-20 08:00:00
432,432,>5 sec,3.24,No,2024-03-20 08:00:00
433,433,>5 sec,10,Yes,2024-03-20 08:00:00
434,434,>5 sec,9,Yes,2024-03-20 08:00:00
435,435,>5 sec,5.54,Yes,2024-03-20 08:00:00
436,436,>5 sec,4.75,Yes,2024-03-20 08:00:00
437,437,>5 sec,4.09,Yes,2024-03-20 08:00:00
438,438,<5 sec,4,Yes,2024-03-20 08:00:00
439,439,<5 sec,2.54,No,2024-03-20 08:00:00
440,440,<5 sec,6,No,2024-03-20 08:00:00
441,441,>5 sec,4.1,No,2024-03-20 08:00:00
442,442,>5 sec,4.57,Yes,2024-03-20 08:00:00
443,443,test non realizable,13,Yes,2024-03-20 08:00:00
444,444,<5 sec,8.2,Yes,2024-03-20 08:00:00
445,445,<5 sec,5.9,Yes,2024-03-20 08:00:00
446,446,>5 sec,5.52,Yes,2024-03-20 08:00:00
447,447,>5 sec,6,No,2024-03-20 08:00:00
448,448,<5 sec,5.3,No,2024-03-20 08:00:00
449,449,>5 sec,7,Yes,2024-03-20 08:00:00
450,450,>5 sec,6,Yes,2024-03-20 08:00:00
451,451,<5 sec,4.1,Yes,2024-03-20 08:00:00
452,452,<5 sec,3.1,No,2024-03-20 08:00:00
453,453,>5 sec,3.24,No,2024-03-20 08:00:00
454,454,>5 sec,10,Yes,2024-03-20 08:00:00
455,455,>5 sec,9,Yes,2024-03-20 08:00:00
456,456,>5 sec,5.54,Yes,2024-03-20 08:00:00
457,457,>5 sec,4.75,Yes,2024-03-20 08:00:00
458,458,>5 sec,4.09,Yes,2024-03-20 08:00:00
459,459,<5 sec,4,Yes,2024-03-20 08:00:00
460,460,<5 sec,2.54,No,2024-03-20 08:00:00
461,461,<5 sec,6,No,2024-03-20 08:00:00
462,462,>5 sec,4.1,No,2024-03-20 08:00:00
463,463,>5 sec,4.57,Yes,2024-03-20 08:00:00
464,464,test non realizable,13,Yes,2024-03-20 08:00:00
465,465,<5 sec,8.2,Yes,2024-03-20 08:00:00
466,466,<5 sec,5.9,Yes,2024-03-20 08:00:00
467,467,>5 sec,5.52,Yes,2024-03-20 08:00:00
468,468,>5 sec,6,No,2024-03-20 08:00:00
469,469,<5 sec,5.3,No,2024-03-20 08:00:00
470,470,>5 sec,7,Yes,2024-03-20 08:00:00
471,471,>5 sec,6,Yes,2024-03-20 08:00:00
472,472,<5 sec,4.1,Yes,2024-03-20 08:00:00
473,473,<5 sec,3.1,No,2024-03-20 08:00:00
474,474,>5 sec,3.24,No,2024-03-20 08:00:00
475,475,>5 sec,10,Yes,2024-03-20 08:00:00
476,476,>5 sec,9,Yes,2024-03-20 08:00:00
477,477,>5 sec,5.54,Yes,2024-03-20 08:00:00
478,478,>5 sec,4.75,Yes,2024-03-20 08:00:00
479,479,>5 sec,4.09,Yes,2024-03-20 08:00:00
480,480,<5 sec,4,Yes,2024-03-20 08:00:00
481,481,<5 sec,2.54,No,2024-03-20 08:00:00
482,482,<5 sec,6,No,2024-03-20 08:00:00
483,483,>5 sec,4.1,No,2024-03-20 08:00:00
484,484,>5 sec,4.57,Yes,2024-03-20 08:00:00
485,485,test non realizable,13,Yes,2024-03-20 08:00:00
486,486,<5 sec,8.2,Yes,2024-03-20 08:00:00
487,487,<5 sec,5.9,Yes,2024-03-20 08:00:00
488,488,>5 sec,5.52,Yes,2024-03-20 08:00:00
489,489,>5 sec,6,No,2024-03-20 08:00:00
490,490,<5 sec,5.3,No,2024-03-20 08:00:00
491,491,>5 sec,7,Yes,2024-03-20 08:00:00
492,492,>5 sec,6,Yes,2024-03-20 08:00:00
493,493,<5 sec,4.1,Yes,2024-03-20 08:00:00
494,494,<5 sec,3.1,No,2024-03-20 08:00:00
495,495,>5 sec,3.24,No,2024-03-20 08:00:00
496,496,>5 sec,10,Yes,2024-03-20 08:00:00
497,497,>5 sec,9,Yes,2024-03-20 08:00:00
498,498,>5 sec,5.54,Yes,2024-03-20 08:00:00
499,499,>5 sec,4.75,Yes,2024-03-20 08:00:00
500,500,>5 sec,4.09,Yes,2024-03-20 08:00:00
